drug_name,,,,,,,,,
Dexmedetomidin,,,,,,,,,
Diazepam,,,,,,,,,
Etomidat,,,,,,,,,
Fentanyl,,,,,,,,,
Flunitrazepam,,,,,,,,,
Halothan,,,,,,,,,
Isofluran,,,,,,,,,
Ketamin,,,,,,,,,
Levobupivacain,,,,,,,,,
Lidocain (hydroclorid),,,,,,,,,
Lidocain + epinephrin (adrenalin),,,,,,,,,
Lidocain + prilocain,,,,,,,,,
Midazolam,,,,,,,,,
"Morphin (hydroclorid, sulfat)",,,,,,,,,
Oxy dược dụng,,,,,,,,,
Pethidin,,,,,,,,,
Procain hydroclorid,,,,,,,,,
Proparacain,,,,,,,,,
(hydroclorid),,,,,,,,,
Propofol,,,,,,,,,
Sevofluran,,,,,,,,,
Sufentanil,,,,,,,,,
Thiopental (muối natri),,,,,,,,,
Aceclofenac,,,,,,,,,
Acemetacin,,,,,,,,,
Aescin,,,,,,,,,
Celecoxib,,,,,,,,,
Dexibuprofen,,,,,,,,,
Diclofenac,,,,,,,,,
DL-lysin-acetylsalicylat,,,,,,,,,
(acetylsalicylic acid),,,,,,,,,
Etodolac,,,,,,,,,
Etoricoxib,,,,,,,,,
Fentanyl,,,,,,,,,
Floctafenin,,,,,,,,,
Flurbiprofen natri,,,,,,,,,
Ibuprofen,,,,,,,,,
Ketoprofen,,,,,,,,,
Ketorolac,,,,,,,,,
Loxoprofen,,,,,,,,,
Meloxicam,,,,,,,,,
Methyl salicylat + dl-camphor + thymol + l-menthol + glycol salicylat + tocopherol acetat,,,,,,,,,
"Morphin (hydroclorid, sulfat)",,,,,,,,,
Morphin sulfat,,,,,,,,,
Nabumeton,,,,,,,,,
Naproxen,,,,,,,,,
Nefopam (hydroclorid),,,,,,,,,
Paracetamol (acetaminophen),,,,,,,,,
Paracetamol + chlorpheniramin,,,,,,,,,
Paracetamol + codein phosphat,,,,,,,,,
Paracetamol + ibuprofen,,,,,,,,,
Paracetamol + pseudoephedrin,,,,,,,,,
Paracetamol + pseudoephedrin + chlorpheniramin,,,,,,,,,
Pethidin (hydroclorid),,,,,,,,,
Piroxicam,,,,,,,,,
Tenoxicam,,,,,,,,,
Tiaprofenic acid,,,,,,,,,
Tramadol,,,,,,,,,
Allopurinol,,,,,,,,,
Benzbromaron,,,,,,,,,
Colchicin,,,,,,,,,
Probenecid,,,,,,,,,
Diacerein,,,,,,,,,
Glucosamin,,,,,,,,,
Alendronat,,,,,,,,,
Alendronat natri +,,,,,,,,,
cholecalciferol (Vitamin D3),,,,,,,,,
Alpha chymotrypsin,,,,,,,,,
Calcitonin,,,,,,,,,
Cytidin-5monophosphat disodium + uridin,,,,,,,,,
Etanercept,,,,,,,,,
Infliximab,,,,,,,,,
Leflunomid,,,,,,,,,
Methocarbamol,,,,,,,,,
Risedronat,,,,,,,,,
Tocilizumab,,,,,,,,,
Zoledronic acid,,,,,,,,,
Acrivastin,,,,,,,,,
Alimemazin,,,,,,,,,
Cetirizin,,,,,,,,,
Cinnarizin,,,,,,,,,
Chlorpheniramin (hydrogen maleat),,,,,,,,,
Desloratadin,,,,,,,,,
Dexchlorpheniramin,,,,,,,,,
Diphenhydramin,,,,,,,,,
Ebastin,,,,,,,,,
Epinephrin (adrenalin),,,,,,,,,
Fexofenadin,,,,,,,,,
Hydroxyzin,,,,,,,,,
Ketotifen,,,,,,,,,
Levocetirizin,,,,,,,,,
Loratadin,,,,,,,,,
Loratadin + pseudoephedrin,,,,,,,,,
Mequitazin,,,,,,,,,
Promethazin (hydroclorid),,,,,,,,,
Acetylcystein,,,,,,,,,
Atropin (sulfat),,,,,,,,,
Bretylium tosilat,,,,,,,,,
Calci gluconat,,,,,,,,,
Dantrolen,,,,,,,,,
Deferoxamin,,,,,,,,,
Dimercaprol,,,,,,,,,
DL- methionin,,,,,,,,,
Đồng sulfat,,,,,,,,,
Edetat natri calci (EDTA Ca-Na),,,,,,,,,
Ephedrin (hydroclorid),,,,,,,,,
Esmolol,,,,,,,,,
Flumazenil,,,,,,,,,
Fomepizol,,,,,,,,,
Glucagon,,,,,,,,,
Glutathion,,,,,,,,,
Hydroxocobalamin,,,,,,,,,
Leucovorin (folinic acid),,,,,,,,,
Nalorphin,,,,,,,,,
Naloxon (hydroclorid),,,,,,,,,
Naltrexon,,,,,,,,,
Natri hydrocarbonat (natri bicarbonat),,,,,,,,,
Natri sulfat,,,,,,,,,
Natri thiosulfat,,,,,,,,,
Nor-epinephrin (Nor- adrenalin),,,,,,,,,
Penicilamin,,,,,,,,,
Phenylephrin,,,,,,,,,
Polystyren,,,,,,,,,
Pralidoxim iodid,,,,,,,,,
Protamin sulfat,,,,,,,,,
N-methylglucamin succinat+ natri clorid + kali clorid+ magnesi clorid,,,,,,,,,
Sorbitol,,,,,,,,,
Silibinin,,,,,,,,,
Succimer,,,,,,,,,
Than hoạt,,,,,,,,,
Xanh methylen,,,,,,,,,
Carbamazepin,,,,,,,,,
Gabapentin,,,,,,,,,
Lamotrigine,,,,,,,,,
Levetiracetam,,,,,,,,,
Oxcarbazepin,,,,,,,,,
Phenobarbital,,,,,,,,,
Phenytoin,,,,,,,,,
Pregabalin,,,,,,,,,
Topiramat,,,,,,,,,
Valproat magnesi,,,,,,,,,
Valproat natri,,,,,,,,,
Valproat natri + valproic acid,,,,,,,,,
Valproic acid,,,,,,,,,
Valpromid,,,,,,,,,
Albendazol,,,,,,,,,
Diethylcarbamazin,,,,,,,,,
(dihydrogen citrat),,,,,,,,,
Ivermectin,,,,,,,,,
Mebendazol,,,,,,,,,
Metrifonat,,,,,,,,,
Niclosamid,,,,,,,,,
Praziquantel,,,,,,,,,
Pyrantel,,,,,,,,,
Triclabendazol,,,,,,,,,
Amoxicilin,,,,,,,,,
Amoxicilin + acid clavulanic,,,,,,,,,
Amoxicilin + sulbactam,,,,,,,,,
Ampicilin (muối natri),,,,,,,,,
Ampicilin + sulbactam,,,,,,,,,
Benzathin benzylpenicilin,,,,,,,,,
Benzylpenicilin,,,,,,,,,
Cefaclor,,,,,,,,,
Cefadroxil,,,,,,,,,
Cefalexin,,,,,,,,,
Cefalothin,,,,,,,,,
Cefamandol,,,,,,,,,
Cefazolin,,,,,,,,,
Cefdinir,,,,,,,,,
Cefepim*,,,,,,,,,
Cefixim,,,,,,,,,
Cefmetazol,,,,,,,,,
Cefoperazon*,,,,,,,,,
Cefoperazon + sulbactam*,,,,,,,,,
Cefotaxim,,,,,,,,,
Cefotiam*,,,,,,,,,
Cefoxitin,,,,,,,,,
Cefpirom,,,,,,,,,
Cefpodoxim,,,,,,,,,
Cefradin,,,,,,,,,
Ceftazidim,,,,,,,,,
Ceftezol,,,,,,,,,
Ceftibuten,,,,,,,,,
Ceftizoxim,,,,,,,,,
Ceftriaxon*,,,,,,,,,
Cefuroxim,,,,,,,,,
Cloxacilin,,,,,,,,,
Doripenem*,,,,,,,,,
Ertapenem*,,,,,,,,,
Imipenem + cilastatin*,,,,,,,,,
Meropenem*,,,,,,,,,
Oxacilin,,,,,,,,,
Piperacilin,,,,,,,,,
Piperacilin + tazobactam*,,,,,,,,,
Phenoxy methylpenicilin,,,,,,,,,
Procain benzylpenicilin,,,,,,,,,
Sultamicillin,,,,,,,,,
Ticarcillin + kali clavulanat,,,,,,,,,
Amikacin*,,,,,,,,,
Gentamicin,,,,,,,,,
Neomycin (sulfat),,,,,,,,,
Neomycin + bacitracin,,,,,,,,,
Neomycin + betamethason,,,,,,,,,
Neomycin + polymyxinB,,,,,,,,,
Neomycin + polymyxin B + dexamethason,,,,,,,,,
Neomycin + triamcinolon,,,,,,,,,
Netilmicin sulfat*,,,,,,,,,
Tobramycin,,,,,,,,,
Tobramycin + dexamethason,,,,,,,,,
Cloramphenicol,,,,,,,,,
Cloramphenicol + dexamethason,,,,,,,,,
Cloramphenicol + sulfacetamid,,,,,,,,,
Thiamphenicol,,,,,,,,,
Metronidazol,,,,,,,,,
Metronidazol + neomycin + nystatin,,,,,,,,,
Metronidazol + clindamycin,,,,,,,,,
Secnidazol,,,,,,,,,
Tinidazol,,,,,,,,,
Clindamycin,,,,,,,,,
Azithromycin*,,,,,,,,,
Azithromycin,,,,,,,,,
Clarithromycin,,,,,,,,,
Erythromycin,,,,,,,,,
Erythromycin + sulfamethoxazol + trimethoprim,,,,,,,,,
Roxithromycin,,,,,,,,,
Spiramycin,,,,,,,,,
Spiramycin + metronidazol,,,,,,,,,
Telithromycin,,,,,,,,,
Ciprofloxacin,,,,,,,,,
Levofloxacin*,,,,,,,,,
Levofloxacin,,,,,,,,,
Lomefloxacin*,,,,,,,,,
Moxifloxacin*,,,,,,,,,
Moxifloxacin,,,,,,,,,
Nalidixic acid,,,,,,,,,
Norfloxacin,,,,,,,,,
Ofloxacin,,,,,,,,,
Pefloxacin,,,,,,,,,
Natri Sulfacetamid + methylthionin clorid,,,,,,,,,
Sulfadiazin bạc,,,,,,,,,
Sulfadimidin (muối natri),,,,,,,,,
Sulfadoxin + pyrimethamin,,,,,,,,,
Sulfaguanidin,,,,,,,,,
Sulfamethoxazol + trimethoprim,,,,,,,,,
Sulfamethoxazol + trimethoprim + than hoạt,,,,,,,,,
Sulfasalazin,,,,,,,,,
Doxycyclin,,,,,,,,,
Minocyclin,,,,,,,,,
Tetracyclin (hydroclorid),,,,,,,,,
Argyrol,,,,,,,,,
Colistin*,,,,,,,,,
Daptomycin*,,,,,,,,,
Fosfomycin (natri),,,,,,,,,
Fusafungin,,,,,,,,,
Linezolid*,,,,,,,,,
Nitrofurantoin,,,,,,,,,
Nitroxolin,,,,,,,,,
Rifampicin,,,,,,,,,
Teicoplanin*,,,,,,,,,
Vancomycin*,,,,,,,,,
Abacavir (ABC),,,,,,,,,
Aciclovir,,,,,,,,,
Adefovir dipivoxil,,,,,,,,,
Didanosin (ddl),,,,,,,,,
Efavirenz (EFV hoặc EFZ),,,,,,,,,
Entecavir,,,,,,,,,
Ganciclovir*,,,,,,,,,
Indinavir (NFV),,,,,,,,,
Interferon (alpha)*,,,,,,,,,
Lamivudin,,,,,,,,,
Lopinavir + ritonavir (LPV/r),,,,,,,,,
Nevirapin (NVP),,,,,,,,,
Oseltamivir*,,,,,,,,,
Pegylated interferon (peginterferon) alpha (2a hoặc 2b)*,,,,,,,,,
Ribavirin,,,,,,,,,
Ritonavir,,,,,,,,,
Saquinavir (SQV),,,,,,,,,
Stavudin (d4T),,,,,,,,,
Tenofovir (TDF),,,,,,,,,
Tenofovir + Lamivudin,,,,,,,,,
Zanamivir,,,,,,,,,
Zidovudin (ZDV hoặc AZT),,,,,,,,,
Amphotericin B*,,,,,,,,,
Butoconazol nitrat,,,,,,,,,
Ciclopiroxolamin,,,,,,,,,
Clorquinaldol + promestrien,,,,,,,,,
Clotrimazol,,,,,,,,,
Dequalinium clorid,,,,,,,,,
Econazol,,,,,,,,,
Fluconazol,,,,,,,,,
Fenticonazol nitrat,,,,,,,,,
Flucytosin,,,,,,,,,
Griseofulvin,,,,,,,,,
Itraconazol,,,,,,,,,
Ketoconazol,,,,,,,,,
Metronidazol + miconazol + neomycin sulfat + polymycin B sulfat + gotukola,,,,,,,,,
Miconazol,,,,,,,,,
Natamycin,,,,,,,,,
Nystatin,,,,,,,,,
Nystatin + metronidazol,,,,,,,,,
Nystatin + metronidazol + Cloramphenicol + dexamethason acetat,,,,,,,,,
Nystatin + metronidazol + neomycin,,,,,,,,,
Nystatin + neomycin + polymyxin B,,,,,,,,,
Policresulen,,,,,,,,,
Terbinafin (hydroclorid),,,,,,,,,
Diiodohydroxyquinolin,,,,,,,,,
Diloxanid (furoat),,,,,,,,,
Metronidazol,,,,,,,,,
Ethambutol,,,,,,,,,
Isoniazid,,,,,,,,,
Isoniazid + ethambutol,,,,,,,,,
Pyrazinamid,,,,,,,,,
Rifampicin,,,,,,,,,
Rifampicin + isoniazid,,,,,,,,,
Rifampicin + isoniazid + pyrazinamid,,,,,,,,,
Rifampicin+ isoniazid + pyrazinamid + ethambutol,,,,,,,,,
Streptomycin,,,,,,,,,
Thuốc Điều trị lao kháng thuốc,,,,,,,,,
Amikacin,,,,,,,,,
Capreomycin,,,,,,,,,
Ciprofloxacin,,,,,,,,,
Cycloserin,,,,,,,,,
Ethionamid,,,,,,,,,
Kanamycin,,,,,,,,,
Levofloxacin,,,,,,,,,
Ofloxacin,,,,,,,,,
Amodiaquin,,,,,,,,,
Artesunat,,,,,,,,,
Cloroquin,,,,,,,,,
Hydroxy cloroquin,,,,,,,,,
Mefloquin,,,,,,,,,
Piperaquin + dihydroartemisinin,,,,,,,,,
Primaquin,,,,,,,,,
Proguanil,,,,,,,,,
Quinin,,,,,,,,,
Sulfadoxin + pyrimethamin,,,,,,,,,
Dihydro ergotamin mesylat,,,,,,,,,
Ergotamin (tartrat),,,,,,,,,
Flunarizin,,,,,,,,,
Sumatriptan,,,,,,,,,
Arsenic trioxid,,,,,,,,,
Anastrozol,,,,,,,,,
Anti thymoccyte globulin11,,,,,,,,,
Bevacizumab,,,,,,,,,
Bicalutamid,,,,,,,,,
Bleomycin,,,,,,,,,
Bortezomib,,,,,,,,,
Busulfan,,,,,,,,,
Calci folinat,,,,,,,,,
Capecitabin,,,,,,,,,
Carboplatin,,,,,,,,,
Cetuximab,,,,,,,,,
Cisplatin,,,,,,,,,
Clodronat disodium,,,,,,,,,
Cyclophosphamid,,,,,,,,,
Cytarabin,,,,,,,,,
Dacarbazin,,,,,,,,,
Dactinomycin,,,,,,,,,
Daunorubicin,,,,,,,,,
Decitabin,,,,,,,,,
Docetaxel,,,,,,,,,
Doxorubicin,,,,,,,,,
Epirubicin hydroclorid,,,,,,,,,
Erlotinib,,,,,,,,,
Etoposid,,,,,,,,,
Exemestan,,,,,,,,,
Fludarabin,,,,,,,,,
Flutamid,,,,,,,,,
Fluorouracil (5-FU),,,,,,,,,
Gefitinib,,,,,,,,,
Gemcitabin,,,,,,,,,
Goserelin acetat,,,,,,,,,
Hydroxycarbamid/ Hydroxyurea,,,,,,,,,
Idarubicin,,,,,,,,,
Ifosfamid,,,,,,,,,
Imatinib,,,,,,,,,
Irinotecan,,,,,,,,,
L-asparaginase,,,,,,,,,
Letrozol,,,,,,,,,
Leuprorelin acetat,,,,,,,,,
Melphalan,,,,,,,,,
Mercaptopurin,,,,,,,,,
Mesna,,,,,,,,,
Methotrexat,,,,,,,,,
Mitomycin,,,,,,,,,
Mitoxantron,,,,,,,,,
Nilotinib,,,,,,,,,
Nimotuzumab,,,,,,,,,
Oxaliplatin,,,,,,,,,
Paclitaxel,,,,,,,,,
Pamidronat,,,,,,,,,
Pemetrexed,,,,,,,,,
Procarbazin,,,,,,,,,
Rituximab,,,,,,,,,
Sorafenib,,,,,,,,,
Tamoxifen,,,,,,,,,
Tegafur-uracil (UFT or UFUR),,,,,,,,,
Temozolomid,,,,,,,,,
Thymosin alpha I,,,,,,,,,
Trastuzumab,,,,,,,,,
Tretinoin (All-trans retinoic acid),,,,,,,,,
Triptorelin*,,,,,,,,,
Vinblastin (sulfat),,,,,,,,,
Vincristin (sulfat),,,,,,,,,
Vinorelbin,,,,,,,,,
Azathioprin,,,,,,,,,
Carmustin,,,,,,,,,
Ciclosporin,,,,,,,,,
Basiliximab,,,,,,,,,
Everolimus,,,,,,,,,
Glycyl funtumin (hydroclorid),,,,,,,,,
Mycophenolat,,,,,,,,,
Tacrolimus,,,,,,,,,
Thalidomid,,,,,,,,,
Alfuzosin,,,,,,,,,
Cloramphenicol + Xanh methylen,,,,,,,,,
Dutasterid,,,,,,,,,
Flavoxat,,,,,,,,,
Lipidosterol serenoarepense (Lipid-sterol của Serenoa repens),,,,,,,,,
Malva purpurea + camphomonobromid + xanh methylen,,,,,,,,,
Biperiden,,,,,,,,,
Levodopa + carbidopa,,,,,,,,,
Levodopa + Carbidopa monohydrat + Entacapone,,,,,,,,,
Levodopa + benserazid,,,,,,,,,
Piribedil,,,,,,,,,
Pramipexol,,,,,,,,,
Tolcapon,,,,,,,,,
Trihexyphenidyl (hydroclorid),,,,,,,,,
Folic acid,,,,,,,,,
(vitamin B9),,,,,,,,,
Sắt ascorbat + folic acid,,,,,,,,,
Sắt fumarat,,,,,,,,,
Sắt fumarat + acid folic,,,,,,,,,
Sắt fumarat + acid folic + vitamin B12,,,,,,,,,
Sắt (III) hydroxyd polymaltose,,,,,,,,,
Sắt (III) hydroxyd polymaltose + acid folic,,,,,,,,,
Sắt protein succinylat,,,,,,,,,
Sắt sucrose (hay dextran),,,,,,,,,
Sắt sulfat (hay oxalat),,,,,,,,,
Sắt sulfat + folic acid,,,,,,,,,
Sắt sulfat + folic acid + kẽm sulfat,,,,,,,,,
Acenocoumarol,,,,,,,,,
Aminocaproic acid,,,,,,,,,
Carbazochrom,,,,,,,,,
Cilostazol,,,,,,,,,
Dabigatran,,,,,,,,,
Enoxaparin (natri),,,,,,,,,
Ethamsylat,,,,,,,,,
Heparin (natri),,,,,,,,,
Nadroparin,,,,,,,,,
Nadroparin calci,,,,,,,,,
Phytomenadion (vitamin K1),,,,,,,,,
Protamin sulfat,,,,,,,,,
Rivaroxaban,,,,,,,,,
Tranexamic acid,,,,,,,,,
Triflusal,,,,,,,,,
Urokinase,,,,,,,,,
Warfarin (muối natri),,,,,,,,,
Albumin,,,,,,,,,
Huyết tương,,,,,,,,,
Khối bạch cầu,,,,,,,,,
Khối hồng cầu,,,,,,,,,
Khối tiểu cầu,,,,,,,,,
Máu toàn phần,,,,,,,,,
Yếu tố VIIa,,,,,,,,,
Yếu tố VIII,,,,,,,,,
Yếu tố IX,,,,,,,,,
Dextran 40,,,,,,,,,
Dextran 60,,,,,,,,,
Dextran 70,,,,,,,,,
Gelatin,,,,,,,,,
Gelatin succinyl + natri clorid + natri hydroxyd,,,,,,,,,
Tinh bột este hóa (hydroxyethyl starch),,,,,,,,,
Deferasirox,,,,,,,,,
Deferipron,,,,,,,,,
Erythropoietin,,,,,,,,,
Filgrastim,,,,,,,,,
Methoxy polyethylene glycol epoetin beta,,,,,,,,,
Pegfilgrastim,,,,,,,,,
Atenolol,,,,,,,,,
Diltiazem,,,,,,,,,
Glyceryl trinitrat (Nitroglycerin),,,,,,,,,
Isosorbid (dinitrat hoặc mononitrat),,,,,,,,,
Nicorandil,,,,,,,,,
Trimetazidin,,,,,,,,,
Adenosin triphosphat,,,,,,,,,
Amiodaron (hydroclorid),,,,,,,,,
Isoprenalin,,,,,,,,,
Ivabradin,,,,,,,,,
Lidocain (hydroclorid),,,,,,,,,
Propranolol (hydroclorid),,,,,,,,,
Sotalol,,,,,,,,,
Verapamil (hydroclorid),,,,,,,,,
Acebutolol,,,,,,,,,
Amlodipin,,,,,,,,,
Benazepril hydroclorid,,,,,,,,,
Bisoprolol,,,,,,,,,
Bisoprolol + hydroclorothiazid,,,,,,,,,
Candesartan,,,,,,,,,
Captopril,,,,,,,,,
Carvedilol,,,,,,,,,
Cilnidipin,,,,,,,,,
Clonidin,,,,,,,,,
Doxazosin,,,,,,,,,
Enalapril,,,,,,,,,
Felodipin,,,,,,,,,
Hydralazin,,,,,,,,,
Imidapril,,,,,,,,,
Indapamid,,,,,,,,,
Irbesartan,,,,,,,,,
Irbesartan + hydroclorothiazid,,,,,,,,,
Lacidipin,,,,,,,,,
Lercanidipin (hydroclorid),,,,,,,,,
Lisinopril,,,,,,,,,
Lisinopril + hydroclorothiazid,,,,,,,,,
Losartan,,,,,,,,,
Losartan + hydroclorothiazid,,,,,,,,,
Methyldopa,,,,,,,,,
Metoprolol,,,,,,,,,
Moxonidin,,,,,,,,,
Nebivolol,,,,,,,,,
Nicardipin,,,,,,,,,
Nifedipin,,,,,,,,,
Perindopril,,,,,,,,,
Perindopril + amlodipin,,,,,,,,,
Perindopril + indapamid,,,,,,,,,
Quinapril,,,,,,,,,
Ramipril,,,,,,,,,
Rilmenidin,,,,,,,,,
Telmisartan,,,,,,,,,
Telmisartan + hydroclorothiazid,,,,,,,,,
Valsartan,,,,,,,,,
Valsartan + hydroclorothiazid,,,,,,,,,
Heptaminol (hydroclorid),,,,,,,,,
Carvedilol,,,,,,,,,
Digoxin,,,,,,,,,
Dobutamin,,,,,,,,,
Dopamin (hydroclorid),,,,,,,,,
Milrinon,,,,,,,,,
Nikethamid,,,,,,,,,
Acenocoumarol,,,,,,,,,
Acetylsalicylic acid,,,,,,,,,
Alteplase,,,,,,,,,
Clopidogrel,,,,,,,,,
Dipyridamol + acetylsalicylic acid,,,,,,,,,
Eptifibatid,,,,,,,,,
Fondaparinux sodium,,,,,,,,,
Iloprost,,,,,,,,,
Prostaglandin E1,,,,,,,,,
Streptokinase,,,,,,,,,
Tenecteplase,,,,,,,,,
Radix astragali + Radix salviae miltiorrhizae + Radix paeoniae rubra + Rhizoma Ligustici Wallichii + Radix angelicae sinensis + Carthamus tinctorius + Semen Persicae + Radix polygalae + Rhizome acori tatarinowii + Buthus martensii + Hirudo + Eupolyphaga seu steleophaga + Calculus bovis artifactus + Cornu saigae tataricae,,,,,,,,,
Atorvastatin,,,,,,,,,
Bezafibrat,,,,,,,,,
Ciprofibrat,,,,,,,,,
Ezetimibe,,,,,,,,,
Fenofibrat,,,,,,,,,
Fluvastatin,,,,,,,,,
Gemfibrozil,,,,,,,,,
Lovastatin,,,,,,,,,
Pravastatin,,,,,,,,,
Rosuvastatin,,,,,,,,,
Simvastatin,,,,,,,,,
Bosentan,,,,,,,,,
Peptid (Cerebrolysin concentrate),,,,,,,,,
Choline alfoscerat,,,,,,,,,
Citicolin,,,,,,,,,
Desoxycorton acetat,,,,,,,,,
"Fructose 1,6 diphosphat",,,,,,,,,
Ginkgo biloba,,,,,,,,,
Kali clorid,,,,,,,,,
Indomethacin,,,,,,,,,
Magnesi clorid + kali clorid + procain hydroclorid,,,,,,,,,
Meclophenoxat,,,,,,,,,
Naftidrofuryl,,,,,,,,,
Nimodipin,,,,,,,,,
Nitric oxid (nitrogen monoxid) (NO),,,,,,,,,
Panax notoginseng saponins,,,,,,,,,
Pentoxifyllin,,,,,,,,,
Piracetam,,,,,,,,,
Succinic acid + nicotinamid + inosine + riboflavin natri phosphat,,,,,,,,,
Sulbutiamin,,,,,,,,,
Vincamin + rutin,,,,,,,,,
Vinpocetin,,,,,,,,,
Acitretin,,,,,,,,,
Adapalen,,,,,,,,,
Alpha - terpineol,,,,,,,,,
Amorolfin,,,,,,,,,
Azelaic acid,,,,,,,,,
Benzoic acid + salicylic acid,,,,,,,,,
Benzoyl peroxid,,,,,,,,,
Bột talc,,,,,,,,,
Calcipotriol,,,,,,,,,
Calcipotriol + betamethason dipropionat,,,,,,,,,
Capsaicin,,,,,,,,,
Catalase + neomycin sulfat,,,,,,,,,
Clotrimazol,,,,,,,,,
Clobetasol propionat,,,,,,,,,
Clobetasol butyrat,,,,,,,,,
Cortison,,,,,,,,,
Cồn A.S.A,,,,,,,,,
Cồn boric,,,,,,,,,
Cồn BSI,,,,,,,,,
Crotamiton,,,,,,,,,
Dapson,,,,,,,,,
Desonid,,,,,,,,,
"Dexpanthenol (panthenol, vitamin B5)",,,,,,,,,
Diethylphtalat,,,,,,,,,
S-bioallethrin + piperonyl butoxid,,,,,,,,,
Flumethason + clioquinol,,,,,,,,,
Fusidic acid,,,,,,,,,
Fusidic acid + betamethason,,,,,,,,,
Fusidic acid + hydrocortison,,,,,,,,,
Isotretinoin,,,,,,,,,
Kẽm oxid,,,,,,,,,
Mangiferin,,,,,,,,,
Miconazole nitrat + resorchinol,,,,,,,,,
Mometason furoat,,,,,,,,,
Mometason furoat + tazaronten,,,,,,,,,
Mupirocin,,,,,,,,,
Natri hydrocarbonat,,,,,,,,,
Nepidermin,,,,,,,,,
Nước oxy già,,,,,,,,,
Para aminobenzoic acid,,,,,,,,,
Recombinant human Epidermal Growth Factor (rhEGF),,,,,,,,,
Salicylic acid,,,,,,,,,
Salicylic acid + betamethason dipropionat,,,,,,,,,
Tacrolimus,,,,,,,,,
Tretinoin,,,,,,,,,
Trolamin,,,,,,,,,
Tyrothricin,,,,,,,,,
Urea,,,,,,,,,
Xanh methylen + tím gentian,,,,,,,,,
Fluorescein (natri),,,,,,,,,
Pilocarpin,,,,,,,,,
Adipiodon (meglumin),,,,,,,,,
Amidotrizoat,,,,,,,,,
Bari sulfat,,,,,,,,,
Dimeglumin của acid gadopentetic,,,,,,,,,
Ethyl ester của acid béo iod hóa trong dầu hạt thuốc phiện18,,,,,,,,,
Gadobenic acid,,,,,,,,,
Gadobutrol,,,,,,,,,
Gadodiamid,,,,,,,,,
Gadopentetat,,,,,,,,,
Gadoteric acid,,,,,,,,,
Iobitridol,,,,,,,,,
Iodamid meglumin,,,,,,,,,
Iohexol,,,,,,,,,
Iopamidol,,,,,,,,,
Iopromid acid,,,,,,,,,
Ioxitalamat natri + ioxitalamat meglumin,,,,,,,,,
Muối natri và meglumin của acid ioxaglic,,,,,,,,,
Polidocanol,,,,,,,,,
Acid boric + kali nhôm sulfat + thymol + phenol + menthol + berberin sulfat,,,,,,,,,
Acid lactic + lactoserum atomisat,,,,,,,,,
Benzoic acid + boric acid + thymol + menthol,,,,,,,,,
Cồn 70°,,,,,,,,,
Cồn iod,,,,,,,,,
Đồng sulfat,,,,,,,,,
Povidon iodin,,,,,,,,,
Natri hypoclorid đậm đặc,,,,,,,,,
Natri clorid,,,,,,,,,
Furosemid,,,,,,,,,
Hydroclorothiazid,,,,,,,,,
Spironolacton,,,,,,,,,
Aluminum phosphat,,,,,,,,,
Attapulgit mormoiron hoạt hóa + hỗn hợp magnesi carbonat-nhôm hydroxyd,,,,,,,,,
Bismuth,,,,,,,,,
Cimetidin,,,,,,,,,
Famotidin,,,,,,,,,
Guaiazulen + dimethicon,,,,,,,,,
Lanzoprazol,,,,,,,,,
Magnesi carbonat + nhôm hydroxit + atropin sulfat + calci alumina carbonat,,,,,,,,,
Magnesi hydroxyd + nhôm hydroxyd,,,,,,,,,
Magnesi hydroxyd + nhôm hydroxyd + simethicon,,,,,,,,,
Magnesi trisilicat + nhôm hydroxyd,,,,,,,,,
Natri sulfat + dinatri hydrophosphat + natri hydrocarbonat,,,,,,,,,
Natri sulfat + dinatri hydrophosphat + natri hydrocarbonat + natri citrat,,,,,,,,,
Natri sulfat + natri phosphat tribasic + natri hydrocarbonat + natri citrat,,,,,,,,,
Nizatidin,,,,,,,,,
Omeprazol,,,,,,,,,
Esomeprazol,,,,,,,,,
Pantoprazol,,,,,,,,,
Rabeprazol,,,,,,,,,
Ranitidin,,,,,,,,,
Ranitidin + bismuth + sucralfat,,,,,,,,,
Rebamipid,,,,,,,,,
Sucralfat,,,,,,,,,
Acetyl leucin,,,,,,,,,
Dimecrotic acid,,,,,,,,,
(muối magnesi),,,,,,,,,
Dimenhydrinat,,,,,,,,,
Domperidon,,,,,,,,,
Granisetron hydroclorid,,,,,,,,,
Metoclopramid,,,,,,,,,
Ondansetron,,,,,,,,,
Palonosetron hydroclorid,,,,,,,,,
Alverin (citrat),,,,,,,,,
Alverin (citrat) + simethicon,,,,,,,,,
Atropin (sulfat),,,,,,,,,
Cisaprid,,,,,,,,,
Drotaverin clohydrat,,,,,,,,,
Hyoscin butylbromid,,,,,,,,,
Mebeverin hydroclorid,,,,,,,,,
Papaverin hydroclorid,,,,,,,,,
Phloroglucinol hydrat + trimethylphloroglucinol,,,,,,,,,
Tiemonium methylsulfat,,,,,,,,,
Tiropramid hydroclorid,,,,,,,,,
Bisacodyl,,,,,,,,,
Docusate natri,,,,,,,,,
Gôm sterculia,,,,,,,,,
Glycerol,,,,,,,,,
Glycerol + camomile extract glycolic + mallow fluid extract,,,,,,,,,
Isapgol,,,,,,,,,
Lactulose,,,,,,,,,
Macrogol (polyethylen glycol hoặc polyoxyethylen glycol),,,,,,,,,
Macrogol (polyethylen glycol) + natri sulfat + natri bicarbonat + natri clorid + kali clorid,,,,,,,,,
Magnesi sulfat,,,,,,,,,
Monobasic natri phosphat + dibasic natri phosphat,,,,,,,,,
Sorbitol,,,,,,,,,
Sorbitol + natri citrat,,,,,,,,,
Attapulgit mormoiron hoạt hóa,,,,,,,,,
Bacillus subtilis,,,,,,,,,
Bacillus claussii,,,,,,,,,
Berberin (hydroclorid),,,,,,,,,
Dioctahedral smectit,,,,,,,,,
Diosmectit,,,,,,,,,
Gelatin tannat,,,,,,,,,
Kẽm sulfat,,,,,,,,,
Kẽm gluconat,,,,,,,,,
Lactobacillus acidophilus,,,,,,,,,
Loperamid,,,,,,,,,
Natri clorid + natri bicarbonat + kali clorid + dextrose khan,,,,,,,,,
Natri clorid + natri bicarbonat + natri citrat + kali clorid + glucose,,,,,,,,,
Natri clorid + natri citrat + kali clorid + glucose khan,,,,,,,,,
Nifuroxazid,,,,,,,,,
Racecadotril,,,,,,,,,
Saccharomyces boulardii,,,,,,,,,
Cao ginkgo biloba + heptaminol clohydrat + troxerutin,,,,,,,,,
Diosmin,,,,,,,,,
Diosmin + hesperidin,,,,,,,,,
Trimebutin + ruscogenines,,,,,,,,,
Amylase + papain,,,,,,,,,
Amylase + papain + simethicon,,,,,,,,,
Amylase + lipase + protease,,,,,,,,,
Arginin,,,,,,,,,
Arginin citrat,,,,,,,,,
Arginin hydroclorid,,,,,,,,,
Citrullin malat,,,,,,,,,
Glycyrrhizin + Glycin + L- Cystein,,,,,,,,,
Itoprid,,,,,,,,,
L-Ornithin - L- aspartat,,,,,,,,,
"Mesalazin (Mesalamin, Fisalamin)",,,,,,,,,
Octreotid,,,,,,,,,
Simethicon,,,,,,,,,
Silymarin,,,,,,,,,
Somatostatin,,,,,,,,,
Terlipressin,,,,,,,,,
Trimebutin maleat,,,,,,,,,
Urazamid,,,,,,,,,
Ursodeoxycholic acid,,,,,,,,,
Beclometason (dipropionat),,,,,,,,,
Betamethason,,,,,,,,,
Betamethason,,,,,,,,,
"(dipropionat, valerat)",,,,,,,,,
Betamethason dipropionat + clotrimazol + gentamicin,,,,,,,,,
Budesonid,,,,,,,,,
Budesonid + formoterol,,,,,,,,,
Danazol,,,,,,,,,
Desoxycortone acetat,,,,,,,,,
Dexamethason,,,,,,,,,
Dexamethason acetat,,,,,,,,,
Dexamethason phosphat + neomycin,,,,,,,,,
Fludrocortison acetat,,,,,,,,,
Fluocinolon acetonid,,,,,,,,,
Fluocinolon acetonid + mỡ trăn,,,,,,,,,
Fluorometholon,,,,,,,,,
Hydrocortison,,,,,,,,,
Hydrocortison acetat + chloramphenicol,,,,,,,,,
Hydrocortison natri succinat,,,,,,,,,
Methyl prednisolon,,,,,,,,,
Prednisolon acetat,,,,,,,,,
Prednisolon metasulfobenzoat natri,,,,,,,,,
Prednison,,,,,,,,,
Triamcinolon acetonid,,,,,,,,,
Triamcinolon,,,,,,,,,
Triamcinolon + econazol,,,,,,,,,
Cyproteron acetat,,,,,,,,,
Somatropin,,,,,,,,,
Dydrogesteron,,,,,,,,,
Estradiol benzoat,,,,,,,,,
Estriol,,,,,,,,,
Estrogen + norgestrel,,,,,,,,,
Ethinyl estradiol,,,,,,,,,
Lynestrenol,,,,,,,,,
Methyl testosteron,,,,,,,,,
Nandrolon decanoat,,,,,,,,,
Norethisteron,,,,,,,,,
Nomegestrol acetat,,,,,,,,,
Promestrien,,,,,,,,,
Progesteron,,,,,,,,,
Raloxifen,,,,,,,,,
Testosteron,,,,,,,,,
"(acetat, propionat, undecanoat)",,,,,,,,,
Acarbose,,,,,,,,,
Glibenclamid,,,,,,,,,
Gliclazid,,,,,,,,,
Glimepirid,,,,,,,,,
Glipizid,,,,,,,,,
"Insulin tác dụng trung bình, trung gian (Medium-acting, Intermediate-acting)",,,,,,,,,
"Insulin tác dụng nhanh, ngắn (Fast-acting, Short-acting)",,,,,,,,,
"Insulin trộn, hỗn hợp (Mixtard-acting, Dual-acting)",,,,,,,,,
"Insulin tác dụng chậm, kéo dài (Slow-acting, Long-acting)",,,,,,,,,
Metformin,,,,,,,,,
Metformin + glibenclamid,,,,,,,,,
Repaglinid,,,,,,,,,
Saxagliptin,,,,,,,,,
Sitagliptin,,,,,,,,,
Vildagliptin,,,,,,,,,
Calcitonin,,,,,,,,,
Carbimazol,,,,,,,,,
Levothyroxin (muối natri),,,,,,,,,
Propylthiouracil (PTU),,,,,,,,,
Thiamazol,,,,,,,,,
Desmopressin,,,,,,,,,
Pituitrin,,,,,,,,,
Vasopressin,,,,,,,,,
Immune globulin,,,,,,,,,
Huyết thanh kháng bạch hầu,,,,,,,,,
Huyết thanh kháng dại,,,,,,,,,
Huyết thanh kháng nọc rắn,,,,,,,,,
Huyết thanh kháng uốn ván,,,,,,,,,
Atracurium besylat,,,,,,,,,
Baclofen,,,,,,,,,
Botulinum toxin,,,,,,,,,
Eperison,,,,,,,,,
Galantamin,,,,,,,,,
Mephenesin,,,,,,,,,
Neostigmin metylsulfat,,,,,,,,,
Neostigmin bromid,,,,,,,,,
Pancuronium bromid,,,,,,,,,
Pipecuronium bromid,,,,,,,,,
Pyridostigmin bromid,,,,,,,,,
Rivastigmine,,,,,,,,,
Rocuronium bromid,,,,,,,,,
Suxamethonium clorid,,,,,,,,,
Tizanidin hydroclorid,,,,,,,,,
Thiocolchicosid,,,,,,,,,
Tolperison,,,,,,,,,
Vecuronium bromid,,,,,,,,,
Acetazolamid,,,,,,,,,
Adenosin + cytidin + thymidin + uridin + natri guanosin 5'monophosphat,,,,,,,,,
Adenosin + cytidin + thymidin + uridin + guanylat 5-disodium,,,,,,,,,
Antazolin + tetryzolin,,,,,,,,,
Atropin (sulfat),,,,,,,,,
Betaxolol,,,,,,,,,
Bimatoprost,,,,,,,,,
Brimonidin tartrat,,,,,,,,,
Brinzolamid,,,,,,,,,
Carbomer + hypromellose,,,,,,,,,
Carbomer,,,,,,,,,
Cao anthocyanosid + vitamin E,,,,,,,,,
Cloramphenicol + dexamethason + tetryzolin,,,,,,,,,
Chlorpheniramin + naphazolin + vitamin B12,,,,,,,,,
Cyclosporin,,,,,,,,,
Dexamethason + framycetin,,,,,,,,,
Dexpanthenol (panthenol),,,,,,,,,
Dinatri inosin monophosphat,,,,,,,,,
Fluorometholon + tetryzolin,,,,,,,,,
Glycerin,,,,,,,,,
Hexamidine di-isetionat,,,,,,,,,
Hyaluronidase,,,,,,,,,
Hydroxypropylmethylcellulose,,,,,,,,,
Indomethacin,,,,,,,,,
Kali iodid + natri iodid,,,,,,,,,
Latanoprost,,,,,,,,,
Latanoprost + timolol maleat,,,,,,,,,
Loteprednol etabonat,,,,,,,,,
Moxifloxacin + dexamethason,,,,,,,,,
Nandrolon monosodium,,,,,,,,,
Natamycin,,,,,,,,,
Natri carboxymethylcellulose (natri CMC),,,,,,,,,
Natri CMC + acid boric + calci clorid + kali clorid + magnesi clorid + purite,,,,,,,,,
Natri CMC + calci clorid + kali clorid + natri clorid + natri lactat,,,,,,,,,
Natri CMC + calci clorid + kali clorid + magnesi clorid + natri clorid + natri lactat,,,,,,,,,
Natri CMC + acid boric + calci clorid + erythritol + glycerin + kali clorid + levo + carnitin + magnesi clorid + purite,,,,,,,,,
Natri hyaluronat,,,,,,,,,
Natri chondroitin sulfat + retinol palmitat + cholin hydrotartrat + riboflavin + thiamin hydroclorid,,,,,,,,,
Natri clorid,,,,,,,,,
Natri sulfacetamid + tetramethylthionin clorid + thiomersalat,,,,,,,,,
Neomycin sulfat + gramicidin + 9-alpha fluohydrocortison acetat,,,,,,,,,
Olopatadin (hydroclorid),,,,,,,,,
Pemirolast kali,,,,,,,,,
Pilocarpin,,,,,,,,,
Pirenoxin,,,,,,,,,
Polyethylen glycol + Propylen glycol,,,,,,,,,
Ranibizumab,,,,,,,,,
Tetracain,,,,,,,,,
Tetryzolin,,,,,,,,,
Timolol,,,,,,,,,
Tolazolin,,,,,,,,,
Travoprost,,,,,,,,,
Tropicamid,,,,,,,,,
Tropicamide + phenyl-ephrine hydroclorid,,,,,,,,,
Betahistin,,,,,,,,,
Beta-glycyrrhetinic acid + dequalinium clorid + tyrothricin + hydrocortison acetat + lidocain hydroclorid,,,,,,,,,
Cồn boric,,,,,,,,,
Fluticasone furoate,,,,,,,,,
Fluticason propionat,,,,,,,,,
Lidocain,,,,,,,,,
Naphazolin,,,,,,,,,
Natri borat,,,,,,,,,
Phenazon + lidocain,,,,,,,,,
(hydroclorid),,,,,,,,,
Rifamycin,,,,,,,,,
Tixocortol pivalat,,,,,,,,,
Triprolidin (hydroclorid) + pseudoephedrin,,,,,,,,,
Tyrothricin + tetracain (hydroclorid),,,,,,,,,
Tyrothricin + benzocain + benzalkonium,,,,,,,,,
Xylometazolin,,,,,,,,,
Carbetocin,,,,,,,,,
Carboprost tromethamin,,,,,,,,,
Dinoproston,,,,,,,,,
Levonorgestrel,,,,,,,,,
Methyl ergometrin (maleat),,,,,,,,,
Oxytocin,,,,,,,,,
Ergometrin (hydrogen maleat),,,,,,,,,
Misoprostol,,,,,,,,,
Alverin citrat,,,,,,,,,
Atosiban,,,,,,,,,
Papaverin,,,,,,,,,
Phloroglucinol + trimethylphloroglucinol,,,,,,,,,
Salbutamol (sulfat),,,,,,,,,
Dung dịch thẩm phân màng bụng (phúc mạc) và lọc máu,,,,,,,,,
Dung dịch lọc thận bicarbonat,,,,,,,,,
hoặc acetat,,,,,,,,,
Natri clorid + natri acetat + calci clorid + magnesi clorid + kali clorid,,,,,,,,,
Bromazepam,,,,,,,,,
Calci bromid + cloral hydrat + natri benzoat,,,,,,,,,
Clorazepat,,,,,,,,,
Diazepam,,,,,,,,,
Etifoxin chlohydrat,,,,,,,,,
Hydroxyzin,,,,,,,,,
Lorazepam,,,,,,,,,
Rotundin,,,,,,,,,
Zolpidem,,,,,,,,,
Zopiclon,,,,,,,,,
Acid thioctic/ Meglumin thioctat,,,,,,,,,
Alprazolam,,,,,,,,,
Amisulprid,,,,,,,,,
Clorpromazin (hydroclorid),,,,,,,,,
Clozapin,,,,,,,,,
Clonazepam,,,,,,,,,
Donepezil,,,,,,,,,
Flupentixol,,,,,,,,,
Fluphenazin decanoat,,,,,,,,,
Haloperidol,,,,,,,,,
Levomepromazin,,,,,,,,,
Levosulpirid,,,,,,,,,
Meclophenoxat,,,,,,,,,
Olanzapin,,,,,,,,,
Quetiapin,,,,,,,,,
Risperidon,,,,,,,,,
Sulpirid,,,,,,,,,
Thioridazin,,,,,,,,,
Tofisopam,,,,,,,,,
Ziprasidon,,,,,,,,,
Zuclopenthixol,,,,,,,,,
Amitriptylin (hydroclorid),,,,,,,,,
Citalopram,,,,,,,,,
Clomipramin,,,,,,,,,
Fluoxetin,,,,,,,,,
Fluvoxamin,,,,,,,,,
Mirtazapin,,,,,,,,,
Paroxetin,,,,,,,,,
Sertralin,,,,,,,,,
Tianeptin,,,,,,,,,
Venlafaxin,,,,,,,,,
Aminophylin,,,,,,,,,
Bambuterol,,,,,,,,,
Budesonid,,,,,,,,,
Budesonid + formoterol,,,,,,,,,
Carbocistein + salbutamol,,,,,,,,,
Fenoterol + ipratropium,,,,,,,,,
Formoterol fumarat,,,,,,,,,
Ipratropium,,,,,,,,,
Natri montelukast,,,,,,,,,
Salbutamol (sulfat),,,,,,,,,
Salbutamol + ipratropium,,,,,,,,,
Salmeterol + fluticason propionat,,,,,,,,,
Terbutalin,,,,,,,,,
Terbutalin sulfat + guaiphenesin,,,,,,,,,
Theophylin,,,,,,,,,
Tiotropium,,,,,,,,,
Alimemazin,,,,,,,,,
Ambroxol,,,,,,,,,
Bromhexin (hydroclorid),,,,,,,,,
Carbocistein,,,,,,,,,
Codein camphosulphonat + sulfoguaiacol + cao mềm Grindelia,,,,,,,,,
Codein + terpin hydrat,,,,,,,,,
Dextromethorphan,,,,,,,,,
Dextromethorphan hydrobromua + clorpheniramin maleat + sodium citrate dihydrat + glyceryl guaiacolat,,,,,,,,,
Eprazinon,,,,,,,,,
Eucalyptin,,,,,,,,,
Fenspirid,,,,,,,,,
N-acetylcystein,,,,,,,,,
Oxomemazin + guaifenesin + paracetamol + ,,,,,,,,,
natri benzoat,,,,,,,,,
Bacterial lysates of Haemophilus influenzae + Diplococcus pneumoniae + Klebsiella pneumoniae and ozaenae + Staphylococcus,,,,,,,,,
aureus + Streptococcus pyogenes and viridans + Neisseria catarrhalis,,,,,,,,,
Bột talc,,,,,,,,,
Cafein (citrat),,,,,,,,,
Mometason furoat,,,,,,,,,
Surfactant (Phospholipid chiết xuất từ phổi lợn hoặc phổi bò),,,,,,,,,
Kali clorid,,,,,,,,,
Kali glutamat + magnesi glutamat,,,,,,,,,
Magnesi aspartat + kali aspartat,,,,,,,,,
Natri clorid + kaliclorid + natri citrat + natri bicarbonat + glucose,,,,,,,,,
Natri clorid + kali clorid + natri citrat + glucose khan,,,,,,,,,
Natri clorid + kali clorid + natri citrat + glucose khan + kẽm,,,,,,,,,
Acid amin*,,,,,,,,,
Acid amin + glucose + điện giải (*),,,,,,,,,
Acid amin + glucose + lipid (*),,,,,,,,,
Calci clorid,,,,,,,,,
Glucose,,,,,,,,,
Glucose-lactat,,,,,,,,,
Kali clorid,,,,,,,,,
Magnesi sulfat,,,,,,,,,
Magnesi aspartat + kali aspartat,,,,,,,,,
Manitol,,,,,,,,,
Natri clorid,,,,,,,,,
Natri clorid + dextrose/glucose,,,,,,,,,
Natri clorid + fructose + glycerin,,,,,,,,,
Natri clorid + kali clorid + monobasic kali phosphat + natri acetat + magnesi sulfat + kẽm sulfat + dextrose,,,,,,,,,
Nhũ dịch lipid,,,,,,,,,
Ringer lactat,,,,,,,,,
Natri lactat + natri clorid + kali clorid + calcium clorid + glucose,,,,,,,,,
Nước cất pha tiêm,,,,,,,,,
Calci acetat,,,,,,,,,
Calci bromogalactogluconat,,,,,,,,,
Calci carbonat,,,,,,,,,
Calci carbonat + calci gluconolactat,,,,,,,,,
Calci carbonat + vitamin D3,,,,,,,,,
Calci lactat,,,,,,,,,
Calci glubionat,,,,,,,,,
Calci glucoheptonat,,,,,,,,,
Calci gluconolactat,,,,,,,,,
Calci glycerophosphat + magnesi gluconat,,,,,,,,,
Calci-3-methyl-2-oxovalerat + calci-4-methyl-2-oxovalerat + calci-2- oxo-3-phenylpropionat + calci-3-methyl-2-oxobutyrat + calci-2-hydroxy-4- methylthiobutyrat + L-lysin acetat + L-threonin + L-tryptophan + L-histidin + L- tyrosin + Nitơ + calci (*)25,,,,,,,,,
Calcitriol,,,,,,,,,
Dibencozid,,,,,,,,,
Lysin + Vitamin + Khoáng chất,,,,,,,,,
Mecobalamin,,,,,,,,,
Sắt gluconat + mangan gluconat + đồng gluconat,,,,,,,,,
Sắt clorid + kẽm clorid + mangan clorid + đồng clorid + crôm clorid + natri molypdat dihydrat + natri selenid pentahydrat + natri fluorid + kali iodid,,,,,,,,,
Tricalcium phosphat,,,,,,,,,
Vitamin A,,,,,,,,,
Vitamin A + D,,,,,,,,,
Vitamin B1,,,,,,,,,
Vitamin B1 + B6 + B12,,,,,,,,,
Vitamin B2,,,,,,,,,
Vitamin B3,,,,,,,,,
Vitamin B5,,,,,,,,,
Vitamin B6,,,,,,,,,
Vitamin B6 + magnesi (lactat),,,,,,,,,
Vitamin B12,,,,,,,,,
"(Cyanocobalamin, Hydroxocobalamin)",,,,,,,,,
Vitamin C,,,,,,,,,
Vitamin C + rutine,,,,,,,,,
Vitamin D2,,,,,,,,,
Vitamin D3,,,,,,,,,
Vitamin E,,,,,,,,,
Vitamin H (B8),,,,,,,,,
Vitamin K,,,,,,,,,
Vitamin PP,,,,,,,,,
Đường dùng,,,,,,,,,
Tiêm tĩnh mạch,,,,,,,,,
Tiêm tĩnh mạch,,,,,,,,,
Áp sát khối u,,,,,,,,,
Tiêm tĩnh mạch,,,,,,,,,
Uống,,,,,,,,,
Chiếu ngoài,,,,,,,,,
Tiêm tĩnh,,,,,,,,,
"mạch, khí dung",,,,,,,,,
Tiêm tĩnh mạch,,,,,,,,,
Tiêm tĩnh mạch,,,,,,,,,
Tiêm tĩnh mạch,,,,,,,,,
Tiêm tĩnh mạch,,,,,,,,,
Tiêm tĩnh mạch,,,,,,,,,
Tiêm tĩnh mạch,,,,,,,,,
Tiêm tĩnh mạch,,,,,,,,,
Tiêm tĩnh mạch,,,,,,,,,
Tiêm tĩnh mạch,,,,,,,,,
Tiêm vào khối u,,,,,,,,,
Tiêm tĩnh mạch,,,,,,,,,
Tiêm tĩnh mạch,,,,,,,,,
Tiêm tĩnh mạch,,,,,,,,,
Tiêm tĩnh mạch,,,,,,,,,
Tiêm tĩnh mạch,,,,,,,,,
Tiêm tĩnh mạch,,,,,,,,,
Tiêm tĩnh mạch,,,,,,,,,
Cấy vào khối u,,,,,,,,,
"Uống, Tiêm tĩnh mạch",,,,,,,,,
Tiêm tĩnh mạch,,,,,,,,,
Chiếu ngoài,,,,,,,,,
Tiêm vào khoang tự nhiên,,,,,,,,,
Tiêm động mạch khối u,,,,,,,,,
Tiêm tĩnh mạch,,,,,,,,,
Tiêm tĩnh mạch,,,,,,,,,
Tiêm tĩnh mạch,,,,,,,,,
Tiêm tĩnh mạch,,,,,,,,,
Tiêm tĩnh mạch,,,,,,,,,
Tiêm tĩnh mạch,,,,,,,,,
Tiêm dưới da,,,,,,,,,
Tiêm tĩnh mạch,,,,,,,,,
Tiêm tĩnh mạch,,,,,,,,,
Tiêm tĩnh mạch,,,,,,,,,
Tiêm tĩnh mạch,,,,,,,,,
"Uống, áp ngoài da",,,,,,,,,
Tiêm vào khối u,,,,,,,,,
Tiêm tĩnh mạch,,,,,,,,,
Tiêm tĩnh mạch,,,,,,,,,
Tiêm động mạch khối u,,,,,,,,,
Tiêm tĩnh mạch,,,,,,,,,
Tiêm tĩnh mạch,,,,,,,,,
Tiêm tĩnh mạch,,,,,,,,,
Tiêm tĩnh mạch,,,,,,,,,
"Tiêm tĩnh mạch, dưới da",,,,,,,,,
Tiêm tĩnh mạch,,,,,,,,,
Tiêm tĩnh mạch,,,,,,,,,
Tiêm tĩnh mạch,,,,,,,,,
Tiêm tĩnh mạch,,,,,,,,,
Uống,,,,,,,,,
Tiêm vào khoang tự nhiên,,,,,,,,,
